yaogun_nanjing,,,
,Title,Names,Link
1,beatleyang,披頭羊　Beatleyang,http://www.yaogun.com/artist/nanjing/beatleyang.htm
2,ruotan,若潭　D.L.A.P.P.,http://www.yaogun.com/artist/nanjing/ruotan.htm
3,duwei,杜威　DU WEI,http://www.yaogun.com/artist/nanjing/duwei.htm
4,fengzhuolin,"馮卓麟　FENG
ZHUOLIN",http://www.yaogun.com/artist/nanjing/fengzhuolin.htm
5,gaoning,高寧　GAO NING,http://www.yaogun.com/artist/nanjing/gaoning.htm
6,huadong,華東　HUA DONG,http://www.yaogun.com/artist/nanjing/huadong.htm
7,huyi,胡毅　HU YI,http://www.yaogun.com/artist/nanjing/huyi.htm
8,liguowei,李國偉　LI GUOWEI,http://www.yaogun.com/artist/nanjing/liguowei.htm
9,linchen,"林晨/小林　LIN
CHEN/XIAOLIN",http://www.yaogun.com/artist/nanjing/linchen.htm
10,lizhi,李志　LI ZHI,http://www.yaogun.com/artist/nanjing/lizhi.htm
11,longlina,龍莉娜　LONG LINA,http://www.yaogun.com/artist/nanjing/longlina.htm
12,maomao,毛毛　MAOMAO,http://www.yaogun.com/artist/nanjing/maomao.htm
13,meimingyang,"梅明陽　MEI
MINGYANG",http://www.yaogun.com/artist/nanjing/meimingyang.htm
14,mal d'aurore,Mal D'aurore,http://www.yaogun.com/artist/nanjing/maldaurore.htm
15,nichenyin,倪辰蔭　NI CHENYIN,http://www.yaogun.com/artist/nanjing/nichenyin.htm
16,pan xin,潘［金,http://www.yaogun.com/artist/nanjing/panxin.htm
17,zhangyong,張勇/張咏　STANLEY,http://www.yaogun.com/artist/nanjing/zhangyong.htm
18,tan shaoting,"譚少霆　TAN
SHAOTING",http://www.yaogun.com/artist/nanjing/tanshaoting.htm
19,wangchun,王春　WANG CHUN,http://www.yaogun.com/artist/nanjing/wangchun.htm
20,wangjunping,"王峻平　WANG
JUNPING",http://www.yaogun.com/artist/nanjing/wangjunping.htm
21,wangrunze,王潤澤　WANG RUNZE,http://www.yaogun.com/artist/nanjing/wangrunze.htm
22,xueyong,薛勇　XUE YONG,http://www.yaogun.com/artist/nanjing/xueyong.htm
23,xufeng,徐鋒　XU FENG,http://www.yaogun.com/artist/nanjing/xufeng.htm
24,xuke,徐可　XU KE,http://www.yaogun.com/artist/nanjing/xuke.htm
25,yanghaisong,"楊海崧　YANG
HAISONG",http://www.yaogun.com/artist/nanjing/yanghaisong.htm
26,yangrongzhou,"楊榮周　YANG
RONGZHOU",http://www.yaogun.com/artist/nanjing/yangrongzhou.htm
27,zhangjian,張健　ZHANG JIAN,http://www.yaogun.com/artist/nanjing/zhangjian.htm
28,zhangnan,張楠　ZHANG NAN,http://www.yaogun.com/artist/nanjing/zhangnan.htm
29,zhangsong,張嵩　ZHANG SONG,http://www.yaogun.com/artist/nanjing/zhangsong.htm
30,zhaoguang,趙光　ZHAO GUANG,http://www.yaogun.com/artist/nanjing/zhaoguang.htm
31,awen,朱傑文　ZHU JIEWEN,http://www.yaogun.com/artist/nanjing/awen.htm
32,acroslam,ACROSLAM楽隊,http://www.yaogun.com/artist/nanjing/acroslam.htm
33,aidema,埃的嘛楽隊　AIDEMA,http://www.yaogun.com/artist/nanjing/aidema.htm
34,aiguozhe,愛國者楽隊　AIGUOZHE,http://www.yaogun.com/artist/nanjing/aiguozhe.htm
35,kongqiqiu,空気球楽隊　AIRBALLOON,http://www.yaogun.com/artist/nanjing/kongqiqiu.htm
36,air synth,AIR SYNTH楽隊,http://www.yaogun.com/artist/nanjing/airsynth.htm
37,ai yu heping,"愛與和平楽隊　AI
YU HEPING",http://www.yaogun.com/artist/nanjing/aiyuheping.htm
38,alone in the dark,ALONE IN THE DARK楽隊,http://www.yaogun.com/artist/nanjing/aitd.htm
39,angry jerks,ANGRY JERKS楽隊,http://www.yaogun.com/artist/nanjing/angryjerks.htm
40,anliu,暗流楽隊　ANLIU,http://www.yaogun.com/artist/nanjing/anliu.htm
41,anzhan,暗戰楽隊　ANZHAN,http://www.yaogun.com/artist/nanjing/anzhan.htm
42,attention,ATTENTION楽隊,http://www.yaogun.com/artist/nanjing/attention.htm
43,a.w.p,A.W.P楽隊,http://www.yaogun.com/artist/nanjing/awp.htm
44,backbones,BACKBONES楽隊,http://www.yaogun.com/artist/nanjing/backbones.htm
45,balloon riot,BALLOON RIOT楽隊,http://www.yaogun.com/artist/nanjing/balloonriot.htm
46,beijixing,北極星楽隊　BEIJIXING,http://www.yaogun.com/artist/nanjing/beijixing.htm
47,beita,貝塔/β楽隊　BETA,http://www.yaogun.com/artist/nanjing/beita.htm
48,big child,BIG CHILD楽隊,http://www.yaogun.com/artist/nanjing/bigchild.htm
49,bingdu xiedaizhe,"病毒携帯者楽隊　BINGDU
XIEDAIZHE",http://www.yaogun.com/artist/nanjing/bingduxiedaizhe.htm
50,bingxiangli de honghuli,"冰箱里的紅狐狸楽隊　BINGXIANGLI
DE HONGGULI",http://www.yaogun.com/artist/nanjing/bxldhhl.htm
51,bingyi,兵蟻楽隊　BINGYI,http://www.yaogun.com/artist/nanjing/bingyi.htm
52,bird watcher,BIRD WATCHER楽隊,http://www.yaogun.com/artist/nanjing/birdwatcher.htm
53,black and white,BLACK AND WHITE楽隊,http://www.yaogun.com/artist/nanjing/bandw.htm
54,heipingguo,"黒蘋果楽隊　BLACK
APPLE",http://www.yaogun.com/artist/nanjing/heipingguo.htm
55,heisesu,"黒色素楽隊　BLACK
ELEMENT",http://www.yaogun.com/artist/nanjing/heisesu.htm
56,heisexiangshui,"黒色香水楽隊　BLACK
PERFUME",http://www.yaogun.com/artist/nanjing/heisexiangshui.htm
57,b-last,B-LAST楽隊,http://www.yaogun.com/artist/nanjing/blast.htm
58,bleech me,BLEECH ME楽隊,http://www.yaogun.com/artist/nanjing/bleechme.htm
59,bloody holiday,BLOODY HOLIDAY楽隊,http://www.yaogun.com/artist/nanjing/bloodyholiday.htm
60,bluewings,BLUEWINGS楽隊,http://www.yaogun.com/artist/nanjing/bluewings.htm
61,boom,BOOM楽隊,http://www.yaogun.com/artist/nanjing/boom.htm
62,bugaoxing,不高興楽隊　BUGAOXING,http://www.yaogun.com/artist/nanjing/bugaoxing.htm
63,buhaochi,不好吃楽隊　BUHAOCHI,http://www.yaogun.com/artist/nanjing/buhaochi.htm
64,blues zhi shu,"布魯斯之樹楽隊　BULUSI
ZHI SHU",http://www.yaogun.com/artist/nanjing/blueszhishu.htm
65,burning fate,BURNING FATE楽隊,http://www.yaogun.com/artist/nanjing/burningfate.htm
66,b52,B-52楽隊,http://www.yaogun.com/artist/nanjing/b52.htm
67,tangguohe,"糖果盒楽隊　CANDY
BOX",http://www.yaogun.com/artist/nanjing/tangguohe.htm
68,caozong,操縦楽隊　CAOZONG,http://www.yaogun.com/artist/nanjing/caozong.htm
69,yinjishexian,"陰極射綫楽隊　CATHODE
RAY",http://www.yaogun.com/artist/nanjing/yinjishexian.htm
70,chai,拆楽隊　CHAI,http://www.yaogun.com/artist/nanjing/chai.htm
71,changqingshu area,"常青樹AREA楽隊　CHANGQINGSHU
AREA",http://www.yaogun.com/artist/nanjing/cqsarea.htm
72,chaojimali,超級瑪麗楽隊　CHAOJIMALI,http://www.yaogun.com/artist/nanjing/chaojimali.htm
73,chenzhong,沈重楽隊　CHENZHONG,http://www.yaogun.com/artist/nanjing/chenzhong.htm
74,chibangtiantang,翅膀天堂楽隊　CHIBANGTIANTANG,http://www.yaogun.com/artist/nanjing/chibangtiantang.htm
75,children of flames,Children of flames楽隊,http://www.yaogun.com/artist/nanjing/cof.htm
76,chongjibo,衝撃波楽隊　CHONGJIBO,http://www.yaogun.com/artist/nanjing/chongjibo.htm
77,chongwu shangdian,"寵物商店楽隊　CHONGWU
SHANGDIAN",http://www.yaogun.com/artist/nanjing/cwsd.htm
78,circle,CIRCLE楽隊,http://www.yaogun.com/artist/nanjing/circle.htm
79,clover,CLOVER楽隊,http://www.yaogun.com/artist/nanjing/clover.htm
80,cmcici,CMCICI楽隊,http://www.yaogun.com/artist/nanjing/cmcici.htm
81,cocu,COCU楽隊,http://www.yaogun.com/artist/nanjing/cocu.htm
82,crack,CRACK楽隊,http://www.yaogun.com/artist/nanjing/crack.htm
83,crescent,CRESCENT楽隊,http://www.yaogun.com/artist/nanjing/crescent.htm
84,cycle,CYCLE楽隊,http://www.yaogun.com/artist/nanjing/cycle.htm
85,daiding,待定楽隊　DAIDING,http://www.yaogun.com/artist/nanjing/daiding.htm
86,dansheng,誕生楽隊　DANSHENG,http://www.yaogun.com/artist/nanjing/dansheng.htm
87,danshengdao,單聲道楽隊　DANSHENGDAO,http://www.yaogun.com/artist/nanjing/danshengdao.htm
88,daocaoren,稲草人楽隊　DAOCAOREN,http://www.yaogun.com/artist/nanjing/daocaoren.htm
89,dein,DEIN楽隊,http://www.yaogun.com/artist/nanjing/dein.htm
90,demo,DEMO楽隊,http://www.yaogun.com/artist/nanjing/demo.htm
91,dianjukuangren,"電鋸狂人楽隊　DIANJU
KUANGREN",http://www.yaogun.com/artist/nanjing/dianjukuangren.htm
92,di2tiankong,第二天空楽隊　DIERTIANKONG,http://www.yaogun.com/artist/nanjing/di2tiankong.htm
93,din,DIN楽隊,http://www.yaogun.com/artist/nanjing/din.htm
94,diqiu zhi zi,"地球之子楽隊　DIQIU
ZHI ZI",http://www.yaogun.com/artist/nanjing/diqiuzhizi.htm
95,juli,距離楽隊　DISTANCE,http://www.yaogun.com/artist/nanjing/juli.htm
96,dizhu,地主楽隊　DIZHU,http://www.yaogun.com/artist/nanjing/dizhu.htm
97,dongti,胴體楽隊　DONGTI,http://www.yaogun.com/artist/nanjing/dongti.htm
98,dongxue,洞穴楽隊　DONGXUE,http://www.yaogun.com/artist/nanjing/dongxue.htm
99,dongzhi,冬至楽隊　DONGZHI,http://www.yaogun.com/artist/nanjing/dongzhi.htm
100,d3in,D3IN楽隊,http://www.yaogun.com/artist/nanjing/d3in.htm
101,dsgongshe,"DS公社楽隊　DS
GONGSHE",http://www.yaogun.com/artist/nanjing/dsgongshe.htm
102,huanjue zhi lu,"幻覺之旅楽隊　HUANJUE
ZHI LU",http://www.yaogun.com/artist/nanjing/huanjuezhilu.htm
103,duoyuansu,多元素楽隊　DUOYUANSU,http://www.yaogun.com/artist/nanjing/duoyuansu.htm
104,easy,EASY楽隊,http://www.yaogun.com/artist/nanjing/easy.htm
105,earthquake,EARTHQUAKE楽隊,http://www.yaogun.com/artist/nanjing/earthquake.htm
106,echo,ECHO楽隊,http://www.yaogun.com/artist/nanjing/echo.htm
107,eddy,EDDY楽隊,http://www.yaogun.com/artist/nanjing/eddy.htm
108,8 eye spy,"八眼間諜楽隊　8
eye spy",http://www.yaogun.com/artist/nanjing/8eyespy.htm
109,emptymailbox,emptymailbox@lonely.days,http://www.yaogun.com/artist/nanjing/emptymailbox.htm
110,diguo,帝國楽隊　EMPYIRE,http://www.yaogun.com/artist/nanjing/diguo.htm
111,28du,"28度楽隊　ERSHIBA
DU",http://www.yaogun.com/artist/nanjing/28du.htm
112,25,25楽隊　ERSHIWU,http://www.yaogun.com/artist/nanjing/25.htm
113,ershou,二手楽隊　ERSHOU,http://www.yaogun.com/artist/nanjing/ershou.htm
114,esc,ESC楽隊,http://www.yaogun.com/artist/nanjing/esc.htm
115,eternal flames,"永恆的火焔楽隊　ETERNAL
FLAMES",http://www.yaogun.com/artist/nanjing/eternalflames.htm
116,fading horizon,FADING HORIZON楽隊,http://www.yaogun.com/artist/nanjing/fadinghorizon.htm
117,fangfei,放飛楽隊　FANGFEI,http://www.yaogun.com/artist/nanjing/fangfei.htm
118,fangting,芳汀楽隊　FANGTING,http://www.yaogun.com/artist/nanjing/fangting.htm
119,fanqie,番茄楽隊　FANQIE,http://www.yaogun.com/artist/nanjing/fanqie.htm
120,favored nation,Favored Nation楽隊,http://www.yaogun.com/artist/nanjing/favorednation.htm
121,feitianbianyuan,沸騰邊縁楽隊　FEITENGBIANYUAN,http://www.yaogun.com/artist/nanjing/feitianbianyuan.htm
122,feiyang,飛揚楽隊　FEIYANG,http://www.yaogun.com/artist/nanjing/feiyang.htm
123,feiyu,飛魚楽隊　FEIYU,http://www.yaogun.com/artist/nanjing/feiyu.htm
124,fengkuangjiari,瘋狂假日楽隊　FENGKUANGJIARI,http://www.yaogun.com/artist/nanjing/fengkuangjiari.htm
125,fensuixing de naoshenjing,"粉碎性的腦神經楽隊　FENSUIXING
DE NAOSHENJING",http://www.yaogun.com/artist/nanjing/naoshenjing.htm
126,ｆ99,f99楽隊,http://www.yaogun.com/artist/nanjing/f99.htm
127,foe,FOE楽隊,http://www.yaogun.com/artist/nanjing/foe.htm
128,fouryears,FOURYEARS楽隊,http://www.yaogun.com/artist/nanjing/fouryears.htm
129,hongsemanyan,"紅色蔓延楽隊　FROM
THE RED",http://www.yaogun.com/artist/nanjing/hsmy.htm
130,lengdongjie,"冷凍街楽隊　FROZEN
STREET",http://www.yaogun.com/artist/nanjing/lengdongjie.htm
131,gaoyigao,[才高]一[才高]楽隊　GAOYIGAO,http://www.yaogun.com/artist/nanjing/gaoyigao.htm
132,geshihua,格式化楽隊　GESHIHUA,http://www.yaogun.com/artist/nanjing/geshihua.htm
133,glasses,GLASSES楽隊,http://www.yaogun.com/artist/nanjing/glasses.htm
134,good luck good bye,GOOD LUCK GOOD BYE楽隊,http://www.yaogun.com/artist/nanjing/glgb.htm
135,gounucai,狗奴才楽隊　GOUNUCAI,http://www.yaogun.com/artist/nanjing/gounucai.htm
136,grayhouse,grayhouse楽隊,http://www.yaogun.com/artist/nanjing/grayhouse.htm
137,daweibaji,"大尾巴鶏楽隊　GREAT
COCK",http://www.yaogun.com/artist/nanjing/daweibaji.htm
138,green hat,GREEN HAT楽隊,http://www.yaogun.com/artist/nanjing/greenhat.htm
139,haizi,孩子楽隊　HAIZI,http://www.yaogun.com/artist/nanjing/haizi.htm
140,happyrock,HAPPYROCK楽隊,http://www.yaogun.com/artist/nanjing/happyrock.htm
141,hedinghong,鶴頂紅楽隊　HEDINGHONG,http://www.yaogun.com/artist/nanjing/hedinghong.htm
142,heian,黒暗楽隊　HEIAN,http://www.yaogun.com/artist/nanjing/heian.htm
143,heianwuzhi,黒暗物質楽隊　HEIANWUZHI,http://www.yaogun.com/artist/nanjing/heianwuzhi.htm
144,heibai,黒白楽隊　HEIBAI,http://www.yaogun.com/artist/nanjing/heibai.htm
145,heidong,黒洞楽隊　HEIDONG,http://www.yaogun.com/artist/nanjing/heidong.htm
146,heiqishi,黒騎士楽隊　HEIQISHI,http://www.yaogun.com/artist/nanjing/heiqishi.htm
147,hell's back,Hell's Back楽隊,http://www.yaogun.com/artist/nanjing/hellsback.htm
148,hezi,核子楽隊　HEZI,http://www.yaogun.com/artist/nanjing/hezi.htm
149,hongqiang,紅墻楽隊　HONGQIANG,http://www.yaogun.com/artist/nanjing/hongqiang.htm
150,hookah,HOOKAH楽隊,http://www.yaogun.com/artist/nanjing/hookah.htm
151,haote,浩特楽隊　HOTe,http://www.yaogun.com/artist/nanjing/haote.htm
152,houniangyangdehaizi,"後娘養的孩子楽隊　HOUNIANGYANG
DE HAIZI",http://www.yaogun.com/artist/nanjing/hnydhz.htm
153,huabanguowang,滑板國王楽隊　HUABANGUOWANG,http://www.yaogun.com/artist/nanjing/huabanguowang.htm
154,huimie zhi ri,"毀滅之日楽隊　HUIMIE
ZHI RI",http://www.yaogun.com/artist/nanjing/huimiezhiri.htm
155,huisefangjian,灰色房間楽隊　HUISEFANGJIAN,http://www.yaogun.com/artist/nanjing/hsfj.htm
156,huisejiqi,灰色機器楽隊　HUISEJIQI,http://www.yaogun.com/artist/nanjing/huisejiqi.htm
157,huisheng,回聲楽隊　HUISHENG,http://www.yaogun.com/artist/nanjing/huisheng.htm
158,huiyin,回音楽隊　HUIYIN,http://www.yaogun.com/artist/nanjing/huiyin.htm
159,hunters,HUNTERS楽隊,http://www.yaogun.com/artist/nanjing/hunters.htm
160,huoshi,火石楽隊　HUOSHI,http://www.yaogun.com/artist/nanjing/huoshi.htm
161,huozu,火足楽隊　HUOZU,http://www.yaogun.com/artist/nanjing/huozu.htm
162,idylle grise,Idylle Grise楽隊,http://www.yaogun.com/artist/nanjing/idyllegrise.htm
163,imagine,IMAGINE楽隊,http://www.yaogun.com/artist/nanjing/imagine.htm
164,yingguodijiang,英水帝江楽隊　INDUSTRIALRECITE,http://www.yaogun.com/artist/nanjing/ygdj.htm
165,jidi77,極地77楽隊　JIDI77,http://www.yaogun.com/artist/nanjing/jidi77.htm
166,jiguang,極限楽隊　JIGUANG,http://www.yaogun.com/artist/nanjing/jiguang.htm
167,jindichuanshuo,禁止傳説楽隊　JINDICHUANSHUO,http://www.yaogun.com/artist/nanjing/jindichuanshuo.htm
168,jingzhetuteng,驚蟄圖騰楽隊　JINGZHETUTENG,http://www.yaogun.com/artist/nanjing/jingzhetuteng.htm
169,jinhua,進化楽隊　JINHUA,http://www.yaogun.com/artist/nanjing/jinhua.htm
170,jinji,禁忌楽隊　JINJI,http://www.yaogun.com/artist/nanjing/jinji.htm
171,jisu,急速楽隊　JISU,http://www.yaogun.com/artist/nanjing/jisu.htm
172,jiuyueshisi,"九月十四楽隊　JIUYUE
SHISI",http://www.yaogun.com/artist/nanjing/914.htm
173,jixieturang,"機械土壤楽隊　JIXIE
TURANG",http://www.yaogun.com/artist/nanjing/jixieturang.htm
174,j.j.romeo.,J.J.Romeo.楽隊,http://www.yaogun.com/artist/nanjing/jjromeo.htm
175,joystick,JOYSTICK楽隊,http://www.yaogun.com/artist/nanjing/joystick.htm
176,7yue16,"七月十六楽隊　JULY
16TH",http://www.yaogun.com/artist/nanjing/7yue16.htm
177,juzipi,橘子皮楽隊　JUZIPI,http://www.yaogun.com/artist/nanjing/juzipi.htm
178,kaliening,ka列寧楽隊　KALIENING,http://www.yaogun.com/artist/nanjing/kaliening.htm
179,kexueguaitai,科學怪胎楽隊　KEXUEGUAITAI,http://www.yaogun.com/artist/nanjing/kexueguaitai.htm
180,king,KING楽隊,http://www.yaogun.com/artist/nanjing/king.htm
181,kongbai,空白楽隊　KONGBAI,http://www.yaogun.com/artist/nanjing/kongbai.htm
182,kongxijingbao,空襲警報楽隊　KONGXIJINGBAO,http://www.yaogun.com/artist/nanjing/kongxijingbao.htm
183,krash seven,KRASH SEVEN楽隊,http://www.yaogun.com/artist/nanjing/krashseven.htm
184,laoshumeimei,老鼠妹妹楽隊　LAOSHUMEIMEI,http://www.yaogun.com/artist/nanjing/laoshumeimei.htm
185,lengji,冷撃楽隊　LENGJI,http://www.yaogun.com/artist/nanjing/lengji.htm
186,let's,LET'S楽隊,http://www.yaogun.com/artist/nanjing/lets.htm
187,libaiqi,礼拝七楽隊　LIBAIQI,http://www.yaogun.com/artist/nanjing/libaiqi.htm
188,ling,0楽隊　LING,http://www.yaogun.com/artist/nanjing/0.htm
189,lingduqingchen,零度清晨楽隊　LINGDUQINGCHEN,http://www.yaogun.com/artist/nanjing/ldqc.htm
190,linle,麟樂楽隊　LINLE,http://www.yaogun.com/artist/nanjing/linle.htm
191,liuyuekongjian,六月空間楽隊　LIUYUEKONGJIAN,http://www.yaogun.com/artist/nanjing/liuyuekongjian.htm
192,liuzhi,六指楽隊　LIUZHI,http://www.yaogun.com/artist/nanjing/liuzhi.htm
193,locket,LOCKET楽隊,http://www.yaogun.com/artist/nanjing/locket.htm
194,lotbirthday,Lothbirthday楽隊,http://www.yaogun.com/artist/nanjing/lotbirthday.htm
195,lsd,LSD楽隊,http://www.yaogun.com/artist/nanjing/lsd.htm
196,luancaocong,亂草叢楽隊　LUANCAOCONG,http://www.yaogun.com/artist/nanjing/luancaocong.htm
197,maiya,麥芽楽隊　MAIYA,http://www.yaogun.com/artist/nanjing/maiya.htm
198,maomaochong,毛毛蟲楽隊　MAOMAOCHONG,http://www.yaogun.com/artist/nanjing/maomaochong.htm
199,mayi,［虫馬］蟻楽隊　MAYI,http://www.yaogun.com/artist/nanjing/mayi.htm
200,mc pingfang,"MC平方楽隊　MC
PINGFANG",http://www.yaogun.com/artist/nanjing/mcpingfang.htm
201,melody,MELODY楽隊,http://www.yaogun.com/artist/nanjing/melody.htm
202,mengyuan,夢圓楽隊　MENGYUAN,http://www.yaogun.com/artist/nanjing/mengyuan.htm
203,miku,迷庫楽隊　MICOO,http://www.yaogun.com/artist/nanjing/miku.htm
204,milkcab,Milkcab楽隊,http://www.yaogun.com/artist/nanjing/milkcab.htm
205,mimihuayuan,秘密花園楽隊　MIMIHUAYUAN,http://www.yaogun.com/artist/nanjing/mimihuayuan.htm
206,miner3,MINER3楽隊,http://www.yaogun.com/artist/nanjing/miner3.htm
207,mindripper,MINDRIPPER楽隊,http://www.yaogun.com/artist/nanjing/mindripper.htm
208,hunhewu,混合物楽隊　MIXTURE,http://www.yaogun.com/artist/nanjing/hunhewu.htm
209,mofangdaxia,魔方大厦楽隊　MODANGDAXIA,http://www.yaogun.com/artist/nanjing/mofangdaxia.htm
210,mojing,魔鏡楽隊　MOJING,http://www.yaogun.com/artist/nanjing/mojing.htm
211,moon,MOON楽隊,http://www.yaogun.com/artist/nanjing/moon.htm
212,m7,M7楽隊,http://www.yaogun.com/artist/nanjing/m7.htm
213,mr bones,MR.BONES楽隊,http://www.yaogun.com/artist/nanjing/mrbones.htm
214,mr coma & psycho deer,"Mr Coma & Psycho
Deer",http://www.yaogun.com/artist/nanjing/mrcomapsychodeer.htm
215,mr.pig,Mr.Pig楽隊,http://www.yaogun.com/artist/nanjing/mrpig.htm
216,new vision,NEW VISION楽隊,http://www.yaogun.com/artist/nanjing/newvision.htm
217,niuhuangwan,牛黄丸楽隊　NIUHUANGWAN,http://www.yaogun.com/artist/nanjing/niuhuangwan.htm
218,niuwawa,丑娃娃楽隊　NIUWAWA,http://www.yaogun.com/artist/nanjing/niuwawa.htm
219,zaoyintuijinqi,"噪音推進器楽隊　NOISE
BOOSTER",http://www.yaogun.com/artist/nanjing/zaoyintuijinqi.htm
220,nugget,熔核楽隊　NUGGET,http://www.yaogun.com/artist/nanjing/nugget.htm
221,old doll,OLD DOLL楽隊,http://www.yaogun.com/artist/nanjing/olddoll.htm
222,onze,ONZE楽隊,http://www.yaogun.com/artist/nanjing/onze.htm
223,out of order,OUT OF ORDER楽隊,http://www.yaogun.com/artist/nanjing/outoforder.htm
224,overdose,OVERDOSE楽隊,http://www.yaogun.com/artist/nanjing/overdose.htm
225,paradise,PARADISE楽隊,http://www.yaogun.com/artist/nanjing/paradise.htm
226,paxing,爬行楽隊　PAXING,http://www.yaogun.com/artist/nanjing/paxing.htm
227,piaolingniao,飄零鳥楽隊　PIAOLINGNIAO,http://www.yaogun.com/artist/nanjing/piaolingniao.htm
228,pieces,PIECES楽隊,http://www.yaogun.com/artist/nanjing/pieces.htm
229,pigface,PIGFACE楽隊,http://www.yaogun.com/artist/nanjing/pigface.htm
230,pk14,PK14楽隊　THE PK14,http://www.yaogun.com/artist/nanjing/pk14.htm
231,plastic,PLASTIC楽隊,http://www.yaogun.com/artist/nanjing/plastic.htm
232,postal,POSTAL楽隊,http://www.yaogun.com/artist/nanjing/postal.htm
233,punkhead,PUNKHEAD楽隊,http://www.yaogun.com/artist/nanjing/punkhead.htm
234,punkschool,PUNK SCHOOL楽隊,http://www.yaogun.com/artist/nanjing/punkschool.htm
235,7,7楽隊,http://www.yaogun.com/artist/nanjing/7.htm
236,qianfu,潜伏楽隊　QIANFU,http://www.yaogun.com/artist/nanjing/qianfu.htm
237,qiang,墻楽隊　QIANG,http://www.yaogun.com/artist/nanjing/qiang.htm
238,qiaokelifangzi,巧克力房子楽隊　QIAOKELIFANGZI,http://www.yaogun.com/artist/nanjing/qiaokelifangzi.htm
239,78dian,78點楽隊　78DIAN,http://www.yaogun.com/artist/nanjing/78dian.htm
240,qiji,騏驥楽隊　QIJI,http://www.yaogun.com/artist/nanjing/qiji.htm
241,qingxing,清醒楽隊　QINGXING,http://www.yaogun.com/artist/nanjing/qingxing.htm
242,qinyong,秦俑楽隊　QINGYONG,http://www.yaogun.com/artist/nanjing/qinyong.htm
243,77,77楽隊　QIQI,http://www.yaogun.com/artist/nanjing/77.htm
244,77zu,77組楽隊　QISHIQIZU,http://www.yaogun.com/artist/nanjing/77zu.htm
245,quan-tanhua,蜷-曇花楽隊　QUAN-TANHUA,http://www.yaogun.com/artist/nanjing/quantanhua.htm
246,quanyu18,"痊愈者十八號楽隊　QUANYUZHE
18 HAO",http://www.yaogun.com/artist/nanjing/quanyu18.htm
247,quetuie,que腿鵝楽隊,http://www.yaogun.com/artist/nanjing/quetuie.htm
248,ranseti,染色體楽隊　RANSETI,http://www.yaogun.com/artist/nanjing/ranseti.htm
249,rays,RAYS楽隊,http://www.yaogun.com/artist/nanjing/rays.htm
250,reason,REASON楽隊,http://www.yaogun.com/artist/nanjing/reason.htm
251,regou,熱狗楽隊　REGOU,http://www.yaogun.com/artist/nanjing/regou.htm
252,fuhuo,復活楽隊　RESURRECTION,http://www.yaogun.com/artist/nanjing/fuhuo.htm
253,rivers,RIVERS楽隊,http://www.yaogun.com/artist/nanjing/rivers.htm
254,romi-sync,Romi-Sync,http://www.yaogun.com/artist/nanjing/romisync.htm
255,ronghe,融合楽隊　RONGHE,http://www.yaogun.com/artist/nanjing/ronghe.htm
256,run12,閏12楽隊　RUN SHIER,http://www.yaogun.com/artist/nanjing/run12.htm
257,sailulu,賽露露楽隊　SAILULU,http://www.yaogun.com/artist/nanjing/sailulu.htm
258,huimiejiushu,"毀滅救贖楽隊　SALVATION
OF DESTRUCTION",http://www.yaogun.com/artist/nanjing/huimiejiushu.htm
259,sanlouhouzuo,三樓後座楽隊　SANLOUHOUZUO,http://www.yaogun.com/artist/nanjing/sanlouhouzuo.htm
260,sanxiong,散雄楽隊　SANXIONG,http://www.yaogun.com/artist/nanjing/sanxiong.htm
261,313,313楽隊　SANYISAN,http://www.yaogun.com/artist/nanjing/313.htm
262,saturday life,Saturday Life楽隊,http://www.yaogun.com/artist/nanjing/saturdaylife.htm
263,scan,SCAN楽隊,http://www.yaogun.com/artist/nanjing/scan.htm
264,scar sailer,SCAR SAILER楽隊,http://www.yaogun.com/artist/nanjing/scarsailer.htm
265,sea green,SEA GREEN楽隊,http://www.yaogun.com/artist/nanjing/seagreen.htm
266,season,SEASON楽隊,http://www.yaogun.com/artist/nanjing/season.htm
267,shachen,沙塵楽隊　SHACHEN,http://www.yaogun.com/artist/nanjing/shachen.htm
268,yingzi,影子楽隊　SHADOW,http://www.yaogun.com/artist/nanjing/yingzi.htm
269,shaking5,SHAKING5楽隊,http://www.yaogun.com/artist/nanjing/shaking5.htm
270,shanhuchong,珊瑚蟲楽隊　SHANHUCHONG,http://www.yaogun.com/artist/nanjing/shanhuchong.htm
271,shengjiaotang,聖教堂楽隊　SHENGJIAOTANG,http://www.yaogun.com/artist/nanjing/shengjiaotang.htm
272,shikong,失控楽隊　SHIKONG,http://www.yaogun.com/artist/nanjing/shikong.htm
273,shishangnan,時尚男楽隊　SHISHANGNAN,http://www.yaogun.com/artist/nanjing/shishangnan.htm
274,shuifenzi,水分子楽隊　SHUIFENZI,http://www.yaogun.com/artist/nanjing/shuifenzi.htm
275,siri,死日楽隊　SIRI,http://www.yaogun.com/artist/nanjing/siri.htm
276,s.i.v.a,S.I.V.A楽隊,http://www.yaogun.com/artist/nanjing/siva.htm
277,sniper,SNIPER楽隊,http://www.yaogun.com/artist/nanjing/sniper.htm
278,spark plug,"火花塞楽隊　SPARK
PLUG",http://www.yaogun.com/artist/nanjing/sparkplug.htm
279,zhizhu,蜘蛛楽隊　SPIDER,http://www.yaogun.com/artist/nanjing/zhizhu.htm
280,stoned angel,STONED ANGEL楽隊,http://www.yaogun.com/artist/nanjing/stonedangel.htm
281,stop,STOP楽隊,http://www.yaogun.com/artist/nanjing/stop.htm
282,suckin' stick,SUCKIN'STICK楽隊,http://www.yaogun.com/artist/nanjing/suckin.htm
283,sun glasses,Sun Glasses楽隊,http://www.yaogun.com/artist/nanjing/sunglasses.htm
284,sunshine,SUNSHINE楽隊,http://www.yaogun.com/artist/nanjing/sunshine.htm
285,chaojinongmin,"超級農民楽隊　SUPER
FARMERS",http://www.yaogun.com/artist/nanjing/chaojinongmin.htm
286,taboo,Taboo楽隊,http://www.yaogun.com/artist/nanjing/taboo.htm
287,taiji,胎記楽隊　TAIJI,http://www.yaogun.com/artist/nanjing/taiji.htm
288,tech tech no no no,Tech tech no no no楽隊,http://www.yaogun.com/artist/nanjing/ttnnn.htm
289,the backyard,The Backyard楽隊,http://www.yaogun.com/artist/nanjing/thebackyard.htm
290,the emotional,The Emotional楽隊,http://www.yaogun.com/artist/nanjing/te.htm
291,the emotional noise,The Emotional Noise楽隊,http://www.yaogun.com/artist/nanjing/ten.htm
292,the gash,THE GASH楽隊,http://www.yaogun.com/artist/nanjing/thegash.htm
293,the lost pillow,the lost pillow楽隊,http://www.yaogun.com/artist/nanjing/thelostpillow.htm
294,the shy tall mighty,The Shy Tall Mighty楽隊,http://www.yaogun.com/artist/nanjing/tstm.htm
295,the under wall,THE UNDER WALL楽隊,http://www.yaogun.com/artist/nanjing/theunderwall.htm
296,the voice,THE VOICE楽隊,http://www.yaogun.com/artist/nanjing/thevoice.htm
297,the waster,THE WASTER楽隊,http://www.yaogun.com/artist/nanjing/waster.htm
298,this,THIS楽隊,http://www.yaogun.com/artist/nanjing/this.htm
299,tiantangnuzi,"天堂女子楽隊　TIANTANG
NUZI",http://www.yaogun.com/artist/nanjing/tiantangnuzi.htm
300,tianzang,天葬楽隊　TIANZANG,http://www.yaogun.com/artist/nanjing/tianzang.htm
301,tiepifangzi,"鐵皮房子楽隊　TIEPI
FANGZI",http://www.yaogun.com/artist/nanjing/tiepifangzi.htm
302,tiger tiger tiger,TIGER TIGER TIGER楽隊,http://www.yaogun.com/artist/nanjing/tigertigertiger.htm
303,time in muscat,TIME IN MUSCAT楽隊,http://www.yaogun.com/artist/nanjing/tim.htm
304,tnt,TNT楽隊,http://www.yaogun.com/artist/nanjing/tnt.htm
305,t.o.f,T.O.F楽隊,http://www.yaogun.com/artist/nanjing/tof.htm
306,toheal,Toheal楽隊,http://www.yaogun.com/artist/nanjing/toheal.htm
307,xihongshi,西紅柿楽隊　TOMATO,http://www.yaogun.com/artist/nanjing/xihongshi.htm
308,v-day,V-DAY楽隊,http://www.yaogun.com/artist/nanjing/vday.htm
309,wanglingxuqu,亡靈序曲楽隊　WANGLINGXUQU,http://www.yaogun.com/artist/nanjing/wlxq.htm
310,wangrenkeng,萬人坑楽隊　WANRENKENG,http://www.yaogun.com/artist/nanjing/wangrenkeng.htm
311,wangzheguilai,王者歸来楽隊　WANGZHEGUILAI,http://www.yaogun.com/artist/nanjing/wzgl.htm
312,warcore,WARCORE楽隊,http://www.yaogun.com/artist/nanjing/warcore.htm
313,wazi,wa子楽隊　WAZI,http://www.yaogun.com/artist/nanjing/wazi.htm
314,wei.i.p,僞.I.P楽隊　WEI.I.P,http://www.yaogun.com/artist/nanjing/weiip.htm
315,weilei,味蕾楽隊　WEILEI,http://www.yaogun.com/artist/nanjing/weilei.htm
316,wing,WING楽隊,http://www.yaogun.com/artist/nanjing/wing.htm
317,5dufeidian,五度沸點楽隊　WUDUFEIDIAN,http://www.yaogun.com/artist/nanjing/5dufeidian.htm
318,502,502楽隊　WULINGER,http://www.yaogun.com/artist/nanjing/502.htm
319,wushi,巫師楽隊　WUSHI,http://www.yaogun.com/artist/nanjing/wushi.htm
320,wusi,五四楽隊　WUSI,http://www.yaogun.com/artist/nanjing/wusi.htm
321,wuya,烏鴉楽隊　WUYA,http://www.yaogun.com/artist/nanjing/wuya.htm
322,wuyanxia,屋檐下楽隊　WUYANXIA,http://www.yaogun.com/artist/nanjing/wuyanxia.htm
323,5yue,五月楽隊　WUYUE,http://www.yaogun.com/artist/nanjing/5yue.htm
324,xi,西楽隊　XI,http://www.yaogun.com/artist/nanjing/xi.htm
325,xiangpi shiguan,"橡皮試管楽隊　XIANGPI
SHIGUAN",http://www.yaogun.com/artist/nanjing/xiangpishiguan.htm
326,xiangpitang,橡皮糖楽隊　XIANGPITANG,http://www.yaogun.com/artist/nanjing/xiangpitang.htm
327,xingfu de zidan,"幸福的子彈楽隊　XINGFU
DE ZIDAN",http://www.yaogun.com/artist/nanjing/xingfudezidan.htm
328,xinghaoqi,信號旗楽隊　XINGHAOQI,http://www.yaogun.com/artist/nanjing/xinghaoqi.htm
329,xingyuan,行遠楽隊　XINGYUAN,http://www.yaogun.com/artist/nanjing/xingyuan.htm
330,xiumu,朽木楽隊　XIUMU,http://www.yaogun.com/artist/nanjing/xiumu.htm
331,xuxian,續弦楽隊　XUXIAN,http://www.yaogun.com/artist/nanjing/xuxian.htm
332,yangshengqi,揚聲器楽隊　YANGSHENGQI,http://www.yaogun.com/artist/nanjing/yangshengqi.htm
333,yanse,顔色楽隊　YANSE,http://www.yaogun.com/artist/nanjing/yanse.htm
334,yansheng,衍生楽隊　YANSHENG,http://www.yaogun.com/artist/nanjing/yansheng.htm
335,yaobai de yezi,"揺擺的椰子楽隊　YAOBAI
DE YEZI",http://www.yaogun.com/artist/nanjing/yaobaideyezi.htm
336,yelang,野狼楽隊　YELANG,http://www.yaogun.com/artist/nanjing/yelang.htm
337,1+2,1+2楽隊　YI JIA ER,http://www.yaogun.com/artist/nanjing/1jia2.htm
338,1927,1927楽隊　YIJIUERQI,http://www.yaogun.com/artist/nanjing/1927.htm
339,yinji,陰極楽隊　YINJI,http://www.yaogun.com/artist/nanjing/yinji.htm
340,yinqing,引擎楽隊　YINQING,http://www.yaogun.com/artist/nanjing/yinqing.htm
341,yongshi,勇士楽隊　YONGSHI,http://www.yaogun.com/artist/nanjing/yongshi.htm
342,youse jinshu,"有色金屬楽隊　YOUSE
JINSHU",http://www.yaogun.com/artist/nanjing/yousejinshu.htm
343,youyuhaitong,憂郁孩童楽隊　YOUYUHAITONG,http://www.yaogun.com/artist/nanjing/youyuhaitong.htm
344,yuanzi,原子楽隊　YUANZI,http://www.yaogun.com/artist/nanjing/yuanzi.htm
345,zaoyinfu,噪音盒楽隊　ZAOYINFU,http://www.yaogun.com/artist/nanjing/zaoyinfu.htm
346,zaphie,Zaphie楽隊,http://www.yaogun.com/artist/nanjing/zaphie.htm
347,zc,魔方大厦楽隊　MODANGDAXIA,http://www.yaogun.com/artist/nanjing/zc.htm
348,zero,ZERO楽隊,http://www.yaogun.com/artist/nanjing/zero.htm
349,zhifengche,紙風車楽隊　ZHIFENGCHE,http://www.yaogun.com/artist/nanjing/zhifengche.htm
350,ziwu,子午楽隊　ZIWU,http://www.yaogun.com/artist/nanjing/ziwu.htm
351,ziyou,自由楽隊　ZIYOU,http://www.yaogun.com/artist/nanjing/ziyou.htm
352,zuji,足迹楽隊　ZUJI,http://www.yaogun.com/artist/nanjing/zuji.htm
353,zuosi,左四楽隊　ZUOSI,http://www.yaogun.com/artist/nanjing/zuosi.htm
